{
  "credit": "Author by _BENDY659_ (STUPID-AI)",
  "parent": "builtin/entity",
  "render_provider": "cim",
  "texture_size": [
    32,
    32
  ],
  "display": {
    "thirdperson_righthand": {
      "translation": [
        -0.25,
        -2,
        1
      ]
    },
    "thirdperson_lefthand": {
      "translation": [
        -0.25,
        -2,
        1
      ]
    },
    "firstperson_righthand": {
      "rotation": [
        5,
        15,
        5
      ],
      "translation": [
        0,
        1.5,
        0
      ],
      "scale": [
        0.75,
        0.75,
        0.75
      ]
    },
    "firstperson_lefthand": {
      "rotation": [
        5,
        15,
        5
      ],
      "translation": [
        0,
        1.5,
        0
      ],
      "scale": [
        0.75,
        0.75,
        0.75
      ]
    },
    "ground": {
      "scale": [
        0.75,
        0.75,
        0.75
      ]
    },
    "gui": {
      "rotation": [
        -25,
        45,
        15
      ],
      "translation": [
        1,
        -4.5,
        0
      ]
    },
    "head": {
      "rotation": [
        0,
        90,
        -90
      ],
      "translation": [
        0,
        6.75,
        -4.5
      ]
    },
    "fixed": {
      "rotation": [
        0,
        90,
        0
      ],
      "translation": [
        0,
        -5,
        0
      ]
    },
    "on_shelf": {
      "rotation": [
        0,
        -180,
        0
      ]
    }
  }
}