{
	"format_version": "1.8.0",
	"animations": {
		"all": {
			"loop": true,
			"animation_length": 4,
			"bones": {
				"bone2": {
					"rotation": {
						"vector": [0, "-query.anim_time * 90", 0]
					}
				},
				"bone3": {
					"rotation": {
						"vector": [0, "-query.anim_time * -90", 0]
					},
					"position": {
						"vector": [0, "math.sin(query.anim_time*360+90) * math.random(0,2)", 0]
					}
				},
				"bone4": {
					"rotation": {
						"vector": [0, "-query.anim_time * -90", 0]
					},
					"position": {
						"vector": [0, "math.sin(query.anim_time*360+180) * math.random(0,2)", 0]
					}
				},
				"bone5": {
					"rotation": {
						"vector": [0, "-query.anim_time * -90", 0]
					},
					"position": {
						"vector": [0, "math.sin(query.anim_time*360+270) * math.random(0,2)", 0]
					}
				},
				"bone6": {
					"rotation": {
						"vector": [0, "-query.anim_time * -90", 0]
					},
					"position": {
						"vector": [0, "math.sin(query.anim_time*360) * math.random(0,2)", 0]
					}
				}
			}
		}
	},
	"geckolib_format_version": 2
}