{
	"format_version": "1.12.0",
	"minecraft:geometry": [
		{
			"description": {
				"identifier": "geometry.unknown",
				"texture_width": 32,
				"texture_height": 32,
				"visible_bounds_width": 2,
				"visible_bounds_height": 2.5,
				"visible_bounds_offset": [0, 0.75, 0]
			},
			"bones": [
				{
					"name": "bone",
					"pivot": [0, -4, 0],
					"cubes": [
						{"origin": [-0.75, -4, -0.75], "size": [1.5, 2, 1.5], "uv": [16, 9]},
						{"origin": [-0.5, -2, -0.5], "size": [1, 4, 1], "uv": [20, 14]},
						{"origin": [-0.75, 2, -2], "size": [1.5, 1.5, 4], "uv": [10, 12]},
						{"origin": [-0.25, 3.25, -1.5], "size": [0.5, 9, 3], "uv": [10, 0]},
						{"origin": [-0.25, 12.25, -0.5], "size": [0.5, 1, 1], "uv": [20, 19]},
						{"origin": [0, 3.25, -2.5], "size": [0, 11, 5], "uv": [0, 0]}
					]
				},
				{
					"name": "bone2",
					"parent": "bone",
					"pivot": [0, 8, 0]
				},
				{
					"name": "bone3",
					"parent": "bone2",
					"pivot": [5, 8, 0],
					"cubes": [
						{"origin": [4.25, 6, -0.75], "size": [1.5, 6, 1.5], "uv": [12, 17]},
						{"origin": [4.5, 5, -0.5], "size": [1, 8, 1], "uv": [0, 16]}
					]
				},
				{
					"name": "bone4",
					"parent": "bone2",
					"pivot": [-5, 8, 0],
					"cubes": [
						{"origin": [-5.75, 6, -0.75], "size": [1.5, 6, 1.5], "uv": [12, 17]},
						{"origin": [-5.5, 5, -0.5], "size": [1, 8, 1], "uv": [0, 16]}
					]
				},
				{
					"name": "bone5",
					"parent": "bone2",
					"pivot": [0, 8, -5],
					"cubes": [
						{"origin": [-0.75, 6, -5.75], "size": [1.5, 6, 1.5], "uv": [12, 17]},
						{"origin": [-0.5, 5, -5.5], "size": [1, 8, 1], "uv": [0, 16]}
					]
				},
				{
					"name": "bone6",
					"parent": "bone2",
					"pivot": [0, 8, 5],
					"cubes": [
						{"origin": [-0.75, 6, 4.25], "size": [1.5, 6, 1.5], "uv": [12, 17]},
						{"origin": [-0.5, 5, 4.5], "size": [1, 8, 1], "uv": [0, 16]}
					]
				}
			]
		}
	]
}